failure_id,domain,task_split,task_id,split,source,source_path,original_reward,replay_reward,tool_call_count,tool_error_count,step_count,failure_reason
retail:0:natural:0:784bd9c0-5b14-4fdc-8e7f-64d105275e7c,retail,base,0,test,natural_tau2_result,external/tau2-bench/data/tau2/results/final/claude-3-7-sonnet-20250219_retail_default_gpt-4.1-2025-04-14_4trials.json,0.0,0.0,6,0,6,Environment reward failed.
retail:15:natural:0:04b444ca-ee88-4dc7-8a95-8cedafbcfaa0,retail,base,15,train,natural_tau2_result,external/tau2-bench/data/tau2/results/final/claude-3-7-sonnet-20250219_retail_default_gpt-4.1-2025-04-14_4trials.json,0.0,0.0,7,0,7,Environment reward failed.
retail:12:natural:0:2358c560-f419-4177-852d-6f2bef8d5dd5,retail,base,12,train,natural_tau2_result,external/tau2-bench/data/tau2/results/final/claude-3-7-sonnet-20250219_retail_default_gpt-4.1-2025-04-14_4trials.json,0.0,0.0,7,1,7,Environment reward failed.
retail:20:natural:0:ec54b367-8d9b-4693-aa8d-b9ea283e6a71,retail,base,20,train,natural_tau2_result,external/tau2-bench/data/tau2/results/final/claude-3-7-sonnet-20250219_retail_default_gpt-4.1-2025-04-14_4trials.json,0.0,0.0,11,0,11,Environment reward failed.
airline:1:natural:0:024ecc62-7ee5-476e-9c2b-3f8e6fda8ab3,airline,base,1,test,natural_tau2_result,external/tau2-bench/data/tau2/results/final/claude-3-7-sonnet-20250219_airline_default_gpt-4.1-2025-04-14_4trials.json,0.0,0.0,7,0,7,Environment reward failed.
airline:5:natural:0:ef5a1216-858a-42ed-be98-6793818fe41d,airline,base,5,train,natural_tau2_result,external/tau2-bench/data/tau2/results/final/claude-3-7-sonnet-20250219_airline_default_gpt-4.1-2025-04-14_4trials.json,0.0,0.0,7,0,7,Environment reward failed.
airline:7:natural:0:7812ec3c-1e2b-4d82-a3b1-8d2383eae7ee,airline,base,7,train,natural_tau2_result,external/tau2-bench/data/tau2/results/final/claude-3-7-sonnet-20250219_airline_default_gpt-4.1-2025-04-14_4trials.json,0.0,0.0,13,0,13,Environment reward failed.
airline:9:natural:0:bfc75a4d-031c-497a-8e29-b3b6611cd92b,airline,base,9,train,natural_tau2_result,external/tau2-bench/data/tau2/results/final/claude-3-7-sonnet-20250219_airline_default_gpt-4.1-2025-04-14_4trials.json,0.0,0.0,7,0,7,Environment reward failed.
retail:51:natural:0:e7a6ec69-9d56-48ac-8de3-5cf46c5aa8ce,retail,base,51,test,natural_tau2_result,external/tau2-bench/data/tau2/results/final/gpt-4.1-2025-04-14_retail_default_gpt-4.1-2025-04-14_4trials.json,0.0,0.0,4,0,4,Environment reward failed.
retail:28:natural:0:971d5340-728e-47d6-8afe-e39763237de7,retail,base,28,train,natural_tau2_result,external/tau2-bench/data/tau2/results/final/gpt-4.1-2025-04-14_retail_default_gpt-4.1-2025-04-14_4trials.json,0.0,0.0,11,0,11,Environment reward failed.
retail:41:natural:0:294fb324-2fc5-4997-a1aa-0d0bd6329763,retail,base,41,train,natural_tau2_result,external/tau2-bench/data/tau2/results/final/gpt-4.1-2025-04-14_retail_default_gpt-4.1-2025-04-14_4trials.json,0.0,0.0,8,0,8,Environment reward failed.
retail:57:natural:0:2987976a-341c-4f83-ae0c-40b808a33c40,retail,base,57,train,natural_tau2_result,external/tau2-bench/data/tau2/results/final/gpt-4.1-2025-04-14_retail_default_gpt-4.1-2025-04-14_4trials.json,0.0,0.0,4,0,4,Environment reward failed.
airline:47:natural:0:7b6f70f0-fda5-46a9-9cfa-60de828632f3,airline,base,47,test,natural_tau2_result,external/tau2-bench/data/tau2/results/final/gpt-4.1-2025-04-14_airline_default_gpt-4.1-2025-04-14_4trials.json,0.0,0.0,2,0,2,Environment reward failed.
airline:48:natural:0:830f1ac4-f6d3-4d6b-95b1-f52045527e10,airline,base,48,train,natural_tau2_result,external/tau2-bench/data/tau2/results/final/gpt-4.1-2025-04-14_airline_default_gpt-4.1-2025-04-14_4trials.json,0.0,0.0,1,0,1,Environment reward failed.
airline:22:natural:1:f068f605-a39b-4afb-93ad-19365626fb6e,airline,base,22,train,natural_tau2_result,external/tau2-bench/data/tau2/results/final/gpt-4.1-2025-04-14_airline_default_gpt-4.1-2025-04-14_4trials.json,0.0,0.0,5,0,5,Environment reward failed.
airline:48:natural:1:b08e65fe-4016-4e3c-849d-62c08de65a44,airline,base,48,train,natural_tau2_result,external/tau2-bench/data/tau2/results/final/gpt-4.1-2025-04-14_airline_default_gpt-4.1-2025-04-14_4trials.json,0.0,0.0,3,0,3,Environment reward failed.
retail:35:natural:0:39d2c249-6e85-4db3-8f36-049be2744cf3,retail,base,35,test,natural_tau2_result,external/tau2-bench/data/tau2/results/final/gpt-4.1-mini-2025-04-14_retail_base_gpt-4.1-2025-04-14_4trials.json,0.0,0.0,4,3,4,Environment reward failed.
retail:16:natural:0:6a93cd64-631d-4b2d-b6d2-9ff494e1bc4d,retail,base,16,train,natural_tau2_result,external/tau2-bench/data/tau2/results/final/gpt-4.1-mini-2025-04-14_retail_base_gpt-4.1-2025-04-14_4trials.json,0.0,0.0,7,0,7,Environment reward failed.
retail:14:natural:0:eda0557a-f4f8-48de-8947-877c54b4f668,retail,base,14,train,natural_tau2_result,external/tau2-bench/data/tau2/results/final/gpt-4.1-mini-2025-04-14_retail_base_gpt-4.1-2025-04-14_4trials.json,0.0,0.0,5,0,5,Environment reward failed.
retail:57:natural:0:bec0fed4-06b5-4b78-a30a-9c9dccc833bf,retail,base,57,train,natural_tau2_result,external/tau2-bench/data/tau2/results/final/gpt-4.1-mini-2025-04-14_retail_base_gpt-4.1-2025-04-14_4trials.json,0.0,0.0,3,0,3,Environment reward failed.
airline:48:natural:1:1417fd8f-4882-446d-8dd7-4a389ffee0c5,airline,base,48,test,natural_tau2_result,external/tau2-bench/data/tau2/results/final/gpt-4.1-mini-2025-04-14_airline_base_gpt-4.1-2025-04-14_4trials.json,0.0,0.0,2,0,2,Environment reward failed.
airline:47:natural:0:ac4ce417-4b30-4470-91db-6605b6df8759,airline,base,47,train,natural_tau2_result,external/tau2-bench/data/tau2/results/final/gpt-4.1-mini-2025-04-14_airline_base_gpt-4.1-2025-04-14_4trials.json,0.0,0.0,2,0,2,Environment reward failed.
airline:28:natural:0:764b3beb-e513-4fe2-a7ea-249b40719bc7,airline,base,28,train,natural_tau2_result,external/tau2-bench/data/tau2/results/final/gpt-4.1-mini-2025-04-14_airline_base_gpt-4.1-2025-04-14_4trials.json,0.0,0.0,2,0,2,Environment reward failed.
airline:41:natural:0:9b88c40c-e0f7-46e0-8787-722e248afa90,airline,base,41,train,natural_tau2_result,external/tau2-bench/data/tau2/results/final/gpt-4.1-mini-2025-04-14_airline_base_gpt-4.1-2025-04-14_4trials.json,0.0,0.0,10,0,10,Environment reward failed.
retail:39:natural:0:abd39117-7df7-4e9c-8807-f0ce09bb7f8c,retail,base,39,test,natural_tau2_result,external/tau2-bench/data/tau2/results/final/o4-mini-2025-04-16_retail_default_gpt-4.1-2025-04-14_4trials.json,0.0,0.0,1,1,1,Environment reward failed.
retail:15:natural:0:f8df89bc-21b9-463a-b9a9-f7c24c621260,retail,base,15,train,natural_tau2_result,external/tau2-bench/data/tau2/results/final/o4-mini-2025-04-16_retail_default_gpt-4.1-2025-04-14_4trials.json,0.0,0.0,5,0,5,Environment reward failed.
retail:0:natural:0:aaab612a-ee21-4013-8b71-14004e97f432,retail,base,0,train,natural_tau2_result,external/tau2-bench/data/tau2/results/final/o4-mini-2025-04-16_retail_default_gpt-4.1-2025-04-14_4trials.json,0.0,0.0,5,0,5,Environment reward failed.
retail:38:natural:0:6d57d8aa-e3d5-457b-817e-5044a6e92dce,retail,base,38,train,natural_tau2_result,external/tau2-bench/data/tau2/results/final/o4-mini-2025-04-16_retail_default_gpt-4.1-2025-04-14_4trials.json,0.0,0.0,5,1,5,Environment reward failed.
airline:24:natural:0:f530f6d5-6f9b-44e3-a591-4d3d1f84f8ec,airline,base,24,test,natural_tau2_result,external/tau2-bench/data/tau2/results/final/o4-mini-2025-04-16_airline_default_gpt-4.1-2025-04-14_4trials.json,0.0,0.0,1,0,1,Environment reward failed.
airline:48:natural:0:c7760ced-1f0f-48b2-b13f-28b02e218a21,airline,base,48,train,natural_tau2_result,external/tau2-bench/data/tau2/results/final/o4-mini-2025-04-16_airline_default_gpt-4.1-2025-04-14_4trials.json,0.0,0.0,1,0,1,Environment reward failed.
airline:30:natural:0:f564b8f8-21de-44e4-8e0e-c3c31cffa806,airline,base,30,train,natural_tau2_result,external/tau2-bench/data/tau2/results/final/o4-mini-2025-04-16_airline_default_gpt-4.1-2025-04-14_4trials.json,0.0,0.0,3,0,3,Environment reward failed.
airline:45:natural:0:b0eedcd6-8feb-4879-910e-28525af06516,airline,base,45,train,natural_tau2_result,external/tau2-bench/data/tau2/results/final/o4-mini-2025-04-16_airline_default_gpt-4.1-2025-04-14_4trials.json,0.0,0.0,3,0,3,Environment reward failed.
